Workbook

Sheet Tổng hợp điểm
B1: ĐIỂM THI HK1-2018-2019 (CT428)
D2: Ho va ten | F2: Nguyen Minh Trung
B3: Mã MH | C3: CT428 | D3: Ma NH | F3: 8
B4: Nam hoc | C4: 2020-2021 | D4: Hoc ky | F4: 1
A6: S T T | B6: S T T | C6: S T T | D6: Điểm TH 1 | E6: Điểm TH 2 | F6: Điểm TH 3 | G6: Điểm BT lớn | H6: Điểm LT | I6: Điểm tổng | J6: Điểm theo thang điểm 10 | K6: Điểm chữ
A7: 1 | B7: 0B1505719 | C7: Nguyễn Văn Hiếu | D7: 0.45 | E7: 0.25 | F7: 0.3 | G7: 0.5 | H7: 4.2 | I7: =SUM(D7:G7)+0.6*H7 -> 4.02 | J7: =IF(OR(G7=0,VALUE(LEFT(B7,1))>2),0,I7+VLOOKUP(VALUE(LEFT(B7,1)),'Các bảng tham chiếu & Thống kê'!$E$3:$F$5,2,FALSE)) -> 5.02 | K7: =IF(J7>=10,"A+",IF(J7>=9,"A",IF(J7>=8.5,"A-",IF(J7>=8,"B+",IF(J7>=7,"B",IF(J7>=6.5,"C+",IF(J7>=5.5,"C",IF(J7>=5,"D+",IF(J7>=4,"D","F"))))))))) -> D+
A8: 2 | B8: 1B150915 | C8: Lý Minh Trí | D8: 0.5 | E8: 0.35 | F8: 0.4 | G8: 1 | H8: 5.8 | I8: =SUM(D8:G8)+0.6*H8 -> 5.73 | J8: =IF(OR(G8=0,VALUE(LEFT(B8,1))>2),0,I8+VLOOKUP(VALUE(LEFT(B8,1)),'Các bảng tham chiếu & Thống kê'!$E$3:$F$5,2,FALSE)) -> 6.23 | K8: =IF(J8>=10,"A+",IF(J8>=9,"A",IF(J8>=8.5,"A-",IF(J8>=8,"B+",IF(J8>=7,"B",IF(J8>=6.5,"C+",IF(J8>=5.5,"C",IF(J8>=5,"D+",IF(J8>=4,"D","F"))))))))) -> C
A9: 3 | B9: 0B1509874 | C9: Nguyễn Kiều Mi | D9: 0.25 | E9: 0.25 | F9: 0.3 | G9: 0.5 | H9: 5.8 | I9: =SUM(D9:G9)+0.6*H9 -> 4.78 | J9: =IF(OR(G9=0,VALUE(LEFT(B9,1))>2),0,I9+VLOOKUP(VALUE(LEFT(B9,1)),'Các bảng tham chiếu & Thống kê'!$E$3:$F$5,2,FALSE)) -> 5.78 | K9: =IF(J9>=10,"A+",IF(J9>=9,"A",IF(J9>=8.5,"A-",IF(J9>=8,"B+",IF(J9>=7,"B",IF(J9>=6.5,"C+",IF(J9>=5.5,"C",IF(J9>=5,"D+",IF(J9>=4,"D","F"))))))))) -> C
A10: 4 | B10: 0B150929 | C10: Đặng Duy Linh | D10: 0.4 | E10: 0.25 | F10: 0.35 | G10: 1 | H10: 4.5 | I10: =SUM(D10:G10)+0.6*H10 -> 4.7 | J10: =IF(OR(G10=0,VALUE(LEFT(B10,1))>2),0,I10+VLOOKUP(VALUE(LEFT(B10,1)),'Các bảng tham chiếu & Thống kê'!$E$3:$F$5,2,FALSE)) -> 5.7 | K10: =IF(J10>=10,"A+",IF(J10>=9,"A",IF(J10>=8.5,"A-",IF(J10>=8,"B+",IF(J10>=7,"B",IF(J10>=6.5,"C+",IF(J10>=5.5,"C",IF(J10>=5,"D+",IF(J10>=4,"D","F"))))))))) -> C
A11: 5 | B11: 2B1605223 | C11: Lê Thị Trúc Linh | D11: 0.45 | E11: 0.4 | F11: 0.35 | G11: 0.75 | H11: 5.5 | I11: =SUM(D11:G11)+0.6*H11 -> 5.25 | J11: =IF(OR(G11=0,VALUE(LEFT(B11,1))>2),0,I11+VLOOKUP(VALUE(LEFT(B11,1)),'Các bảng tham chiếu & Thống kê'!$E$3:$F$5,2,FALSE)) -> 5.5 | K11: =IF(J11>=10,"A+",IF(J11>=9,"A",IF(J11>=8.5,"A-",IF(J11>=8,"B+",IF(J11>=7,"B",IF(J11>=6.5,"C+",IF(J11>=5.5,"C",IF(J11>=5,"D+",IF(J11>=4,"D","F"))))))))) -> C
A12: 6 | B12: 0B160235 | C12: Phạm Thị Huỳnh | D12: 0.4 | E12: 0.45 | F12: 0.5 | G12: 1.2 | H12: 7.5 | I12: =SUM(D12:G12)+0.6*H12 -> 7.05 | J12: =IF(OR(G12=0,VALUE(LEFT(B12,1))>2),0,I12+VLOOKUP(VALUE(LEFT(B12,1)),'Các bảng tham chiếu & Thống kê'!$E$3:$F$5,2,FALSE)) -> 8.05 | K12: =IF(J12>=10,"A+",IF(J12>=9,"A",IF(J12>=8.5,"A-",IF(J12>=8,"B+",IF(J12>=7,"B",IF(J12>=6.5,"C+",IF(J12>=5.5,"C",IF(J12>=5,"D+",IF(J12>=4,"D","F"))))))))) -> B+
A13: 7 | B13: 0B1605249 | C13: Lê Minh Thông | D13: 0.4 | E13: 0.4 | F13: 0.4 | G13: 1 | H13: 5.3 | I13: =SUM(D13:G13)+0.6*H13 -> 5.38 | J13: =IF(OR(G13=0,VALUE(LEFT(B13,1))>2),0,I13+VLOOKUP(VALUE(LEFT(B13,1)),'Các bảng tham chiếu & Thống kê'!$E$3:$F$5,2,FALSE)) -> 6.38 | K13: =IF(J13>=10,"A+",IF(J13>=9,"A",IF(J13>=8.5,"A-",IF(J13>=8,"B+",IF(J13>=7,"B",IF(J13>=6.5,"C+",IF(J13>=5.5,"C",IF(J13>=5,"D+",IF(J13>=4,"D","F"))))))))) -> C
A14: 8 | B14: 0B1605285 | C14: Huỳnh Thị Diễm | D14: 0.45 | E14: 0.4 | F14: 0.45 | G14: 0 | H14: 6.8 | I14: =SUM(D14:G14)+0.6*H14 -> 5.38 | J14: =IF(OR(G14=0,VALUE(LEFT(B14,1))>2),0,I14+VLOOKUP(VALUE(LEFT(B14,1)),'Các bảng tham chiếu & Thống kê'!$E$3:$F$5,2,FALSE)) -> 0 | K14: =IF(J14>=10,"A+",IF(J14>=9,"A",IF(J14>=8.5,"A-",IF(J14>=8,"B+",IF(J14>=7,"B",IF(J14>=6.5,"C+",IF(J14>=5.5,"C",IF(J14>=5,"D+",IF(J14>=4,"D","F"))))))))) -> F
A15: 9 | B15: 0B1605291 | C15: Trần Thanh Nguyên | D15: 0.45 | E15: 0.4 | F15: 0.4 | G15: 0.75 | H15: 6.3 | I15: =SUM(D15:G15)+0.6*H15 -> 5.78 | J15: =IF(OR(G15=0,VALUE(LEFT(B15,1))>2),0,I15+VLOOKUP(VALUE(LEFT(B15,1)),'Các bảng tham chiếu & Thống kê'!$E$3:$F$5,2,FALSE)) -> 6.78 | K15: =IF(J15>=10,"A+",IF(J15>=9,"A",IF(J15>=8.5,"A-",IF(J15>=8,"B+",IF(J15>=7,"B",IF(J15>=6.5,"C+",IF(J15>=5.5,"C",IF(J15>=5,"D+",IF(J15>=4,"D","F"))))))))) -> C+
A16: 10 | B16: 1B1605344 | C16: Nguyễn Thị Đào | D16: 0.3 | E16: 0.5 | F16: 0.45 | G16: 0.3 | H16: 8.3 | I16: =SUM(D16:G16)+0.6*H16 -> 6.53 | J16: =IF(OR(G16=0,VALUE(LEFT(B16,1))>2),0,I16+VLOOKUP(VALUE(LEFT(B16,1)),'Các bảng tham chiếu & Thống kê'!$E$3:$F$5,2,FALSE)) -> 7.03 | K16: =IF(J16>=10,"A+",IF(J16>=9,"A",IF(J16>=8.5,"A-",IF(J16>=8,"B+",IF(J16>=7,"B",IF(J16>=6.5,"C+",IF(J16>=5.5,"C",IF(J16>=5,"D+",IF(J16>=4,"D","F"))))))))) -> B
A17: 11 | B17: 4B1607025 | C17: Nguyễn Chí Thanh | D17: 0.4 | E17: 0.45 | F17: 0.4 | G17: 0.3 | H17: -3 | I17: 0 | J17: =IF(OR(G17=0,VALUE(LEFT(B17,1))>2),0,I17+VLOOKUP(VALUE(LEFT(B17,1)),'Các bảng tham chiếu & Thống kê'!$E$3:$F$5,2,FALSE)) -> 0 | K17: =IF(J17>=10,"A+",IF(J17>=9,"A",IF(J17>=8.5,"A-",IF(J17>=8,"B+",IF(J17>=7,"B",IF(J17>=6.5,"C+",IF(J17>=5.5,"C",IF(J17>=5,"D+",IF(J17>=4,"D","F"))))))))) -> F
A18: 12 | B18: 2B1609759 | C18: Nguyễn Hải Anh | D18: 0.5 | E18: 0.5 | F18: 0.45 | G18: 1.5 | H18: 7 | I18: =SUM(D18:G18)+0.6*H18 -> 7.15 | J18: =IF(OR(G18=0,VALUE(LEFT(B18,1))>2),0,I18+VLOOKUP(VALUE(LEFT(B18,1)),'Các bảng tham chiếu & Thống kê'!$E$3:$F$5,2,FALSE)) -> 7.4 | K18: =IF(J18>=10,"A+",IF(J18>=9,"A",IF(J18>=8.5,"A-",IF(J18>=8,"B+",IF(J18>=7,"B",IF(J18>=6.5,"C+",IF(J18>=5.5,"C",IF(J18>=5,"D+",IF(J18>=4,"D","F"))))))))) -> B
A19: 13 | B19: 5B1609765 | C19: Trần Nam Dương | D19: 0.4 | E19: 0.4 | F19: 0.35 | G19: 1.35 | H19: -3 | I19: 0 | J19: =IF(OR(G19=0,VALUE(LEFT(B19,1))>2),0,I19+VLOOKUP(VALUE(LEFT(B19,1)),'Các bảng tham chiếu & Thống kê'!$E$3:$F$5,2,FALSE)) -> 0 | K19: =IF(J19>=10,"A+",IF(J19>=9,"A",IF(J19>=8.5,"A-",IF(J19>=8,"B+",IF(J19>=7,"B",IF(J19>=6.5,"C+",IF(J19>=5.5,"C",IF(J19>=5,"D+",IF(J19>=4,"D","F"))))))))) -> F
A20: 14 | B20: 0B1609773 | C20: Nguyễn Duy Khanh | D20: 0.35 | E20: 0.4 | F20: 0 | G20: 0.85 | H20: 6.5 | I20: =SUM(D20:G20)+0.6*H20 -> 5.5 | J20: =IF(OR(G20=0,VALUE(LEFT(B20,1))>2),0,I20+VLOOKUP(VALUE(LEFT(B20,1)),'Các bảng tham chiếu & Thống kê'!$E$3:$F$5,2,FALSE)) -> 6.5 | K20: =IF(J20>=10,"A+",IF(J20>=9,"A",IF(J20>=8.5,"A-",IF(J20>=8,"B+",IF(J20>=7,"B",IF(J20>=6.5,"C+",IF(J20>=5.5,"C",IF(J20>=5,"D+",IF(J20>=4,"D","F"))))))))) -> C+

Sheet Điểm thực hành các buổi
A1: Điểm thực hành các buổi
A2: STT | B2: Mã SV | C2: Họ và tên | D2: Điểm TH 1 | E2: Điểm TH 2 | F2: Điểm TH 3
A3: 1 | B3: B1505719 | C3: Nguyễn Văn Hiếu | D3: 0.45 | E3: 0.25 | F3: 0.3
A4: 2 | B4: B1509515 | C4: Lý Minh Trí | D4: 0.5 | E4: 0.35 | F4: 0.4
A5: 3 | B5: B1509874 | C5: Nguyễn Kiều Mi | D5: 0.25 | E5: 0.25 | F5: 0.3
A6: 4 | B6: B1509929 | C6: Đặng Duy Linh | D6: 0.4 | E6: 0.25 | F6: 0.35
A7: 5 | B7: B1605223 | C7: Lê Thị Trúc Linh | D7: 0.45 | E7: 0.4 | F7: 0.35
A8: 6 | B8: B1605235 | C8: Phạm Thị Huỳnh | D8: 0.4 | E8: 0.45 | F8: 0.5
A9: 7 | B9: B1605249 | C9: Lê Minh Thông | D9: 0.4 | E9: 0.4 | F9: 0.4
A10: 8 | B10: B1605285 | C10: Huỳnh Thị Diễm | D10: 0.45 | E10: 0.4 | F10: 0.45
A11: 9 | B11: B1605291 | C11: Trần Thanh Nguyên | D11: 0.45 | E11: 0.4 | F11: 0.4
A12: 10 | B12: B1605344 | C12: Nguyễn Thị Đào | D12: 0.3 | E12: 0.5 | F12: 0.45
A13: 11 | B13: B1607025 | C13: Nguyễn Chí Thanh | D13: 0.4 | E13: 0.45 | F13: 0.4
A14: 12 | B14: B1609759 | C14: Nguyễn Hải Anh | D14: 0.5 | E14: 0.5 | F14: 0.45
... A16: 14 | B16: B1609773 | C16: Nguyễn Duy Khanh | D16: 0.35 | E16: 0.4 | F16: 0

Sheet Điểm bài tập lớn
A1: Điểm bài tập lớn
A2: STT | B2: Mã SV | C2: Họ và tên | D2: Điểm BL lớn
A3: 1 | B3: B1505719 | C3: Nguyễn Văn Hiếu | D3: 0.5
A4: 2 | B4: B1509515 | C4: Lý Minh Trí | D4: 1
A5: 3 | B5: B1509874 | C5: Nguyễn Kiều Mi | D5: 0.5
A6: 4 | B6: B1509929 | C6: Đặng Duy Linh | D6: 1
A7: 5 | B7: B1605223 | C7: Lê Thị Trúc Linh | D7: 0.75
A8: 6 | B8: B1605235 | C8: Phạm Thị Huỳnh | D8: 1.2
A9: 7 | B9: B1605249 | C9: Lê Minh Thông | D9: 1
A10: 8 | B10: B1605285 | C10: Huỳnh Thị Diễm | D10: 0
A11: 9 | B11: B1605291 | C11: Trần Thanh Nguyên | D11: 0.75
A12: 10 | B12: B1605344 | C12: Nguyễn Thị Đào | D12: 0.3
A13: 11 | B13: B1607025 | C13: Nguyễn Chí Thanh | D13: 0.3
A14: 12 | B14: B1609759 | C14: Nguyễn Hải Anh | D14: 1.5
... A16: 14 | B16: B1609773 | C16: Nguyễn Duy Khanh | D16: 0.85

Sheet Điểm lý thuyết
A1: Điểm lý thuyết
A2: STT | B2: Mã SV | C2: Họ và Tên | D2: Điểm lý thuyết
A3: 1 | B3: B1505719 | C3: Nguyễn Phúc Hiếu | D3: 4.2
A4: 2 | B4: B1509515 | C4: Lý Minh Trí | D4: 5.8
A5: 3 | B5: B1509874 | C5: Nguyễn Kiều Mi | D5: 5.8
A6: 4 | B6: B1509929 | C6: Đặng Duy Linh | D6: 4.5
A7: 5 | B7: B1605223 | C7: Lê Thị Trúc Linh | D7: 5.5
A8: 6 | B8: B1605235 | C8: Phạm Thị Huỳnh | D8: 7.5
A9: 7 | B9: B1605249 | C9: Lê Minh Thông | D9: 5.3
A10: 8 | B10: B1605285 | C10: Huỳnh Thị Diễm | D10: 6.8
A11: 9 | B11: B1605291 | C11: Trần Thanh Nguyên | D11: 6.3
A12: 10 | B12: B1605344 | C12: Nguyễn Thị Đào | D12: 8.3
A13: 11 | B13: B1607025 | C13: Nguyễn Chí Thanh | D13: -3
A14: 12 | B14: B1609759 | C14: Nguyễn Hải Anh | D14: 7
... A16: 14 | B16: B1609773 | C16: Nguyễn Duy Khanh | D16: 6.5

Sheet Các bảng tham chiếu & Thống kê
A1: Bảng quy đổi điểm | E1: Bảng Điểm Chuyển đổi
A2: Điểm theo thang điểm 10 | B2: Điểm chữ | C2: Điểm theo thang điểm 4 | E2: Số buổi vắng | F2: Điểm CT
A3: 10 | B3: A+ | C3: 4 | E3: 0 | F3: 1
A4: 9 | B4: A | C4: 4 | E4: 1 | F4: 0.5
A5: 8.5 | B5: A- | C5: 3.7 | E5: 2 | F5: 0.25
A6: 8 | B6: B+ | C6: 3.5
A7: 7 | B7: B | C7: 3
A8: 6.5 | B8: C+ | C8: 2.5
A9: 5.5 | B9: C | C9: 2
A10: 5 | B10: D+ | C10: 1.5
A11: 4 | B11: D | C11: 1
A12: 0 | B12: F | C12: 0
A14: Danh sách sinh viên | E14: Bảng thống kê theo điểm chữ
A15: STT | B15: Mã SV | C15: Họ và Tên | E15: Điểm chữ | F15: Số lượng sinh viên
A16: 1 | B16: B1509929 | C16: Đặng Duy Linh | E16: A | F16: =COUNTIF('Tổng hợp điểm'!$K$7:$K$20,E16) -> 0
A17: 2 | B17: B1605285 | C17: Huỳnh Thị Diễm | E17: B+ | F17: =COUNTIF('Tổng hợp điểm'!$K$7:$K$20,E17) -> 1
A18: 3 | B18: B1605291 | C18: Trần Thanh Nguyên | E18: B | F18: =COUNTIF('Tổng hợp điểm'!$K$7:$K$20,E18) -> 2
A19: 4 | B19: B1605249 | C19: Lê Minh Thông | E19: C+ | F19: =COUNTIF('Tổng hợp điểm'!$K$7:$K$20,E19) -> 2
A20: 5 | B20: B1605223 | C20: Lê Thị Trúc Linh | E20: C | F20: =COUNTIF('Tổng hợp điểm'!$K$7:$K$20,E20) -> 5
A21: 6 | B21: B1509515 | C21: Lý Minh Trí | E21: D+ | F21: =COUNTIF('Tổng hợp điểm'!$K$7:$K$20,E21) -> 1
A22: 7 | B22: B1607025 | C22: Nguyễn Chí Thanh | E22: D | F22: =COUNTIF('Tổng hợp điểm'!$K$7:$K$20,E22) -> 0
A23: 8 | B23: B1609773 | C23: Nguyễn Duy Khanh | E23: F | F23: =COUNTIF('Tổng hợp điểm'!$K$7:$K$20,E23) -> 3
A24: 9 | B24: B1509874 | C24: Nguyễn Kiều Mi
A25: 10 | B25: B1605344 | C25: Nguyễn Thị Đào | E25: Bảng thống kê theo SV
A26: 11 | B26: B1505719 | C26: Nguyễn Phúc Hiếu | E26: Số sinh viên điểm BT lớn = 0 hoặc điểm LT = -3 | F26: =COUNTIFS('Tổng hợp điểm'!G10:G23,0)+COUNTIFS('Tổng hợp điểm'!H10:H23,-3) -> 3
A27: 12 | B27: B1605235 | C27: Phạm Thị Huỳnh | E27: Số SV nghỉ TH > 2 | F27: {=SUMPRODUCT(--(IFERROR(VALUE(LEFT('Tổng hợp điểm'!B7:B20,1)),0)>2))} -> 2
A28: 13 | B28: B1609765 | C28: Trần Nam Dương
A29: 14 | B29: B1609759 | C29: Nguyễn Hải Anh

Sheet sinh viên điểm <7
A1: S T T | B1: Mã SV | C1: Họ và Tên | D1: Điểm TH 1 | E1: Điểm TH 2 | F1: Điểm TH 3 | G1: Điểm BT lớn | H1: Điểm LT | I1: Điểm tổng | J1: Điểm theo thang điểm 10 | K1: Điểm chữ
A2: 1 | B2: 0B1505719 | C2: Nguyễn Văn Hiếu | D2: 0.45 | E2: 0.25 | F2: 0.3 | G2: 0.5 | H2: 4.2 | I2: 4.02 | J2: 5.02 | K2: D+
A3: 2 | B3: 1B150915 | C3: Lý Minh Trí | D3: 0.5 | E3: 0.35 | F3: 0.4 | G3: 1 | H3: 5.8 | I3: 5.73 | J3: 6.23 | K3: C
A4: 3 | B4: 0B1509874 | C4: Nguyễn Kiều Mi | D4: 0.25 | E4: 0.25 | F4: 0.3 | G4: 0.5 | H4: 5.8 | I4: 4.78 | J4: 5.78 | K4: C
A5: 4 | B5: 0B150929 | C5: Đặng Duy Linh | D5: 0.4 | E5: 0.25 | F5: 0.35 | G5: 1 | H5: 4.5 | I5: 4.7 | J5: 5.7 | K5: C
A6: 5 | B6: 2B1605223 | C6: Lê Thị Trúc Linh | D6: 0.45 | E6: 0.4 | F6: 0.35 | G6: 0.75 | H6: 5.5 | I6: 5.25 | J6: 5.5 | K6: C
A7: 7 | B7: 0B1605249 | C7: Lê Minh Thông | D7: 0.4 | E7: 0.4 | F7: 0.4 | G7: 1 | H7: 5.3 | I7: 5.38 | J7: 6.38 | K7: C
A8: 8 | B8: 0B1605285 | C8: Huỳnh Thị Diễm | D8: 0.45 | E8: 0.4 | F8: 0.45 | G8: 0 | H8: 6.8 | I8: 5.38 | J8: 0 | K8: F
A9: 9 | B9: 0B1605291 | C9: Trần Thanh Nguyên | D9: 0.45 | E9: 0.4 | F9: 0.4 | G9: 0.75 | H9: 6.3 | I9: 5.78 | J9: 6.78 | K9: C+
A10: 11 | B10: 4B1607025 | C10: Nguyễn Chí Thanh | D10: 0.4 | E10: 0.45 | F10: 0.4 | G10: 0.3 | H10: -3 | I10: 0 | J10: 0 | K10: F
A11: 13 | B11: 5B1609765 | C11: Trần Nam Dương | D11: 0.4 | E11: 0.4 | F11: 0.35 | G11: 1.35 | H11: -3 | I11: 0 | J11: 0 | K11: F
A12: 14 | B12: 0B1609773 | C12: Nguyễn Duy Khanh | D12: 0.35 | E12: 0.4 | F12: 0 | G12: 0.85 | H12: 6.5 | I12: 5.5 | J12: 6.5 | K12: C+

Sheet sinh viên điểm >=7
A1: S T T | B1: Mã SV | C1: Họ và Tên | D1: Điểm TH 1 | E1: Điểm TH 2 | F1: Điểm TH 3 | G1: Điểm BT lớn | H1: Điểm LT | I1: Điểm tổng | J1: Điểm theo thang điểm 10 | K1: Điểm chữ
A2: 6 | B2: 0B160235 | C2: Phạm Thị Huỳnh | D2: 0.4 | E2: 0.45 | F2: 0.5 | G2: 1.2 | H2: 7.5 | I2: 7.05 | J2: 8.05 | K2: B+
